Pclass,Survived
1,62.96296296296296
2,47.28260869565217
3,24.236252545824847
